timestamp,track_id,merged,step,filename,tech,p_memory_percent,memory_percent,cpu,function,bytes_sent,bytes_recv,disk_percent,name,time,error,file_bytes,is_merged,workflow,filepath,mb/s
17-08-2023 15:19:35.895,cf86d195-935b-49a8-aaa6-a4bf5bb5c6b2,true,0,blog.csv,xethub,13.598902,356.3896299999999,0.0,git-xet,0.658203125,0.40625,19.200000000000003,gitxet merged upload,31.186872959136963,,76.20008087158203,true,append,,2.4433382908066563
17-08-2023 15:20:00.520,cf86d195-935b-49a8-aaa6-a4bf5bb5c6b2,true,0,blog.csv,dvc,10.556086999999996,281.44076199999995,0.0,dvc,79.73828125,1.876953125,14.999999999999995,dvc merged upload,24.590131998062134,,76.20008087158203,true,append,,3.09880731333964
17-08-2023 15:20:22.433,cf86d195-935b-49a8-aaa6-a4bf5bb5c6b2,true,0,blog.csv,lfs,9.273696999999997,245.39835499999998,0.0,lfs s3,155.9501953125,77.462890625,13.199999999999996,lfs s3 merged upload,21.878103017807007,,76.20008087158203,true,append,,3.4829382058198246
17-08-2023 15:21:11.461,cf86d195-935b-49a8-aaa6-a4bf5bb5c6b2,true,0,blog.csv,s3,20.628131999999997,549.379697,0.0,s3,80.138671875,2.4931640625,29.400000000000027,s3 merged upload,48.993910789489746,,76.20008087158203,true,append,,1.5552969673922947
17-08-2023 15:21:32.545,cf86d195-935b-49a8-aaa6-a4bf5bb5c6b2,true,0,blog.csv,lfs,8.833316,234.18887600000002,0.0,lfs git,79.37890625,0.7060546875,12.599999999999996,lfs git merged upload,21.052581787109375,,76.20008087158203,true,append,,3.6195124019534655
17-08-2023 15:21:46.751,cf86d195-935b-49a8-aaa6-a4bf5bb5c6b2,true,0,blog.csv,xethub,8.711612,167.47423300000003,17.7,pyxet,0.0517578125,0.078125,8.999999999999998,pyxet merged upload,14.168893814086914,,76.20008087158203,true,append,,5.377983762982459
17-08-2023 15:22:29.687,cf86d195-935b-49a8-aaa6-a4bf5bb5c6b2,true,0,blog.csv,lakefs,31.065566999999994,482.49994599999997,0.0,lakefs,171.8232421875,78.4912109375,25.80000000000002,lakefs merged upload,42.870266914367676,,76.20008087158203,true,append,,1.7774575797204588
17-08-2023 15:23:02.346,cf86d195-935b-49a8-aaa6-a4bf5bb5c6b2,true,1,blog.csv,xethub,23.747922999999993,370.172179,0.0,git-xet,0.298828125,0.18359375,19.800000000000004,gitxet merged upload,32.60417985916138,,76.20008087158203,true,append,,2.337126135383244
17-08-2023 15:23:15.443,cf86d195-935b-49a8-aaa6-a4bf5bb5c6b2,true,1,blog.csv,dvc,10.051951000000003,157.3043,0.0,dvc,79.8740234375,0.85546875,8.399999999999999,dvc merged upload,13.066344976425171,,76.20008087158203,true,append,,5.8317824157455895
17-08-2023 15:23:37.239,cf86d195-935b-49a8-aaa6-a4bf5bb5c6b2,true,1,blog.csv,lfs,15.780421999999994,247.426778,0.0,lfs s3,115.64453125,37.0087890625,13.199999999999996,lfs s3 merged upload,21.766221046447754,,76.20008087158203,true,append,,3.500841083483248
17-08-2023 15:23:59.941,cf86d195-935b-49a8-aaa6-a4bf5bb5c6b2,true,1,blog.csv,s3,16.489509,258.754527,0.0,s3,79.4443359375,1.41015625,13.799999999999995,s3 merged upload,22.65560221672058,,76.20008087158203,true,append,,3.3634100803263514
17-08-2023 15:24:07.365,cf86d195-935b-49a8-aaa6-a4bf5bb5c6b2,true,1,blog.csv,lfs,5.735827,90.275717,0.0,lfs git,79.267578125,0.6875,4.8,lfs git merged upload,7.393707752227783,,76.20008087158203,true,append,,10.30607151717923
17-08-2023 15:24:17.469,cf86d195-935b-49a8-aaa6-a4bf5bb5c6b2,true,1,blog.csv,xethub,8.308582,124.09111899999999,6.9,pyxet,0.03515625,0.068359375,6.599999999999999,pyxet merged upload,10.068750143051147,,76.20008087158203,true,append,,7.567978129258754
17-08-2023 15:24:32.949,cf86d195-935b-49a8-aaa6-a4bf5bb5c6b2,true,1,blog.csv,lakefs,13.147435000000002,179.779131,0.0,lakefs,156.1708984375,77.7080078125,9.599999999999998,lakefs merged upload,15.409289836883545,,76.20008087158203,true,append,,4.945074151904793
17-08-2023 15:25:02.148,cf86d195-935b-49a8-aaa6-a4bf5bb5c6b2,true,2,blog.csv,xethub,24.594106999999994,337.260586,0.0,git-xet,0.80859375,0.8212890625,18.0,gitxet merged upload,29.14775800704956,,76.20008087158203,true,append,,2.6142690238183186
17-08-2023 15:25:30.847,cf86d195-935b-49a8-aaa6-a4bf5bb5c6b2,true,2,blog.csv,dvc,23.73718800000001,326.26811699999996,0.0,dvc,80.28515625,1.1728515625,17.4,dvc merged upload,28.667629718780518,,76.20008087158203,true,append,,2.6580530591150486
17-08-2023 15:25:52.663,cf86d195-935b-49a8-aaa6-a4bf5bb5c6b2,true,2,blog.csv,lfs,17.982502,247.80547099999998,0.0,lfs s3,156.25,77.6806640625,13.199999999999996,lfs s3 merged upload,21.78236174583435,,76.20008087158203,true,append,,3.4982469651691694
17-08-2023 15:26:27.769,cf86d195-935b-49a8-aaa6-a4bf5bb5c6b2,true,2,blog.csv,s3,28.60417499999999,393.87896700000005,0.0,s3,79.7763671875,1.681640625,21.000000000000007,s3 merged upload,35.07272911071777,,76.20008087158203,true,append,,2.172630496789492
17-08-2023 15:26:35.380,cf86d195-935b-49a8-aaa6-a4bf5bb5c6b2,true,2,blog.csv,lfs,6.530102,90.027725,0.0,lfs git,79.9169921875,0.6640625,4.8,lfs git merged upload,7.578478097915649,,76.20008087158203,true,append,,10.054799906664606
17-08-2023 15:26:59.049,cf86d195-935b-49a8-aaa6-a4bf5bb5c6b2,true,2,blog.csv,xethub,20.40208,270.30933,31.999999999999993,pyxet,0.0703125,0.099609375,14.399999999999995,pyxet merged upload,23.62836503982544,,76.20008087158203,true,append,,3.224940902307347
17-08-2023 15:27:26.163,cf86d195-935b-49a8-aaa6-a4bf5bb5c6b2,true,2,blog.csv,lakefs,23.559708,303.75974800000006,0.0,lakefs,156.212890625,77.841796875,16.199999999999996,lakefs merged upload,27.047550916671753,,76.20008087158203,true,append,,2.817263607575402
17-08-2023 15:27:54.992,cf86d195-935b-49a8-aaa6-a4bf5bb5c6b2,true,3,blog.csv,xethub,25.27125799999999,325.78636800000004,0.0,git-xet,0.396484375,0.158203125,17.4,gitxet merged upload,28.77533793449402,,76.20008087158203,true,append,,2.6481037701468066
17-08-2023 15:28:09.082,cf86d195-935b-49a8-aaa6-a4bf5bb5c6b2,true,3,blog.csv,dvc,13.045593,168.781316,0.0,dvc,79.8837890625,0.9521484375,8.999999999999998,dvc merged upload,14.060810089111328,,76.20008087158203,true,append,,5.4193236654686965
17-08-2023 15:28:39.563,cf86d195-935b-49a8-aaa6-a4bf5bb5c6b2,true,3,blog.csv,lfs,26.937390999999998,348.873417,0.0,lfs s3,156.05078125,77.63671875,18.6,lfs s3 merged upload,30.44983696937561,,76.20008087158203,true,append,,2.502479108450365
17-08-2023 15:28:55.377,cf86d195-935b-49a8-aaa6-a4bf5bb5c6b2,true,3,blog.csv,s3,13.889806999999994,180.275202,0.0,s3,79.412109375,1.4052734375,9.599999999999998,s3 merged upload,15.763592958450317,,76.20008087158203,true,append,,4.833928475090053
17-08-2023 15:29:03.129,cf86d195-935b-49a8-aaa6-a4bf5bb5c6b2,true,3,blog.csv,lfs,6.945842999999999,90.164495,0.0,lfs git,79.263671875,0.724609375,4.8,lfs git merged upload,7.718847036361694,,76.20008087158203,true,append,,9.871951149261173
17-08-2023 15:29:18.914,cf86d195-935b-49a8-aaa6-a4bf5bb5c6b2,true,3,blog.csv,xethub,14.007995999999999,180.09067199999998,13.9,pyxet,0.046875,0.068359375,9.599999999999998,pyxet merged upload,15.73508095741272,,76.20008087158203,true,append,,4.842687564037257
17-08-2023 15:29:39.311,cf86d195-935b-49a8-aaa6-a4bf5bb5c6b2,true,3,blog.csv,lakefs,18.371688,236.278742,0.0,lakefs,156.09765625,77.689453125,12.599999999999996,lakefs merged upload,20.326536178588867,,76.20008087158203,true,append,,3.748798132750628
17-08-2023 15:30:09.689,cf86d195-935b-49a8-aaa6-a4bf5bb5c6b2,true,4,blog.csv,xethub,27.05954200000001,339.9635559999999,0.0,git-xet,0.34375,0.201171875,18.6,gitxet merged upload,30.32265591621399,,76.20008087158203,true,append,,2.5129751523789405
17-08-2023 15:30:22.084,cf86d195-935b-49a8-aaa6-a4bf5bb5c6b2,true,4,blog.csv,dvc,11.322957,143.05735099999998,0.0,dvc,79.8896484375,0.876953125,7.799999999999998,dvc merged upload,12.365022897720337,,76.20008087158203,true,append,,6.162550728929954
17-08-2023 15:30:43.553,cf86d195-935b-49a8-aaa6-a4bf5bb5c6b2,true,4,blog.csv,lfs,19.139369000000002,242.55803300000002,0.0,lfs s3,156.0439453125,77.380859375,13.199999999999996,lfs s3 merged upload,21.43577218055725,,76.20008087158203,true,append,,3.554809233357
17-08-2023 15:31:20.304,cf86d195-935b-49a8-aaa6-a4bf5bb5c6b2,true,4,blog.csv,s3,32.198053999999985,409.66275300000007,0.0,s3,80.376953125,1.40234375,22.20000000000001,s3 merged upload,36.71594285964966,,76.20008087158203,true,append,,2.075394908496955
17-08-2023 15:31:27.866,cf86d195-935b-49a8-aaa6-a4bf5bb5c6b2,true,4,blog.csv,lfs,6.958842,88.720763,0.0,lfs git,80.0576171875,1.2509765625,4.8,lfs git merged upload,7.532672166824341,,76.20008087158203,true,append,,10.115942813386344
17-08-2023 15:32:02.670,cf86d195-935b-49a8-aaa6-a4bf5bb5c6b2,true,4,blog.csv,xethub,32.43242,391.5375529999999,58.199999999999974,pyxet,1.0625,1.8310546875,21.000000000000007,pyxet merged upload,34.75954723358154,,76.20008087158203,true,append,,2.192205794843161
17-08-2023 15:32:32.583,cf86d195-935b-49a8-aaa6-a4bf5bb5c6b2,true,4,blog.csv,lakefs,28.446126999999997,336.480248,0.0,lakefs,156.482421875,77.8447265625,18.0,lakefs merged upload,29.86095905303955,,76.20008087158203,true,append,,2.5518296561150007
17-08-2023 15:33:03.685,cf86d195-935b-49a8-aaa6-a4bf5bb5c6b2,true,5,blog.csv,xethub,29.343121000000014,346.47896,0.0,git-xet,0.310546875,0.1552734375,18.6,gitxet merged upload,31.04431390762329,,76.20008087158203,true,append,,2.454558380588666
17-08-2023 15:33:28.008,cf86d195-935b-49a8-aaa6-a4bf5bb5c6b2,true,5,blog.csv,dvc,23.633195000000004,279.91856300000006,0.1,dvc,79.3154296875,1.0283203125,14.999999999999995,dvc merged upload,24.29218101501465,,76.20008087158203,true,append,,3.1368151268296516
17-08-2023 15:33:50.693,cf86d195-935b-49a8-aaa6-a4bf5bb5c6b2,true,5,blog.csv,lfs,21.73416899999999,257.861398,0.0,lfs s3,156.017578125,77.375,13.799999999999995,lfs s3 merged upload,22.652924060821533,,76.20008087158203,true,append,,3.3638077215546254
17-08-2023 15:34:10.982,cf86d195-935b-49a8-aaa6-a4bf5bb5c6b2,true,5,blog.csv,s3,19.834309,236.03820200000004,0.0,s3,79.5556640625,1.3359375,12.599999999999996,s3 merged upload,20.25599694252014,,76.20008087158203,true,append,,3.761852901529004
17-08-2023 15:34:32.009,cf86d195-935b-49a8-aaa6-a4bf5bb5c6b2,true,5,blog.csv,lfs,19.831772000000004,236.152936,0.0,lfs git,79.361328125,0.734375,12.599999999999996,lfs git merged upload,20.99508285522461,,76.20008087158203,true,append,,3.6294251085853517
17-08-2023 15:34:55.755,cf86d195-935b-49a8-aaa6-a4bf5bb5c6b2,true,5,blog.csv,xethub,23.036799000000002,270.041969,29.199999999999992,pyxet,0.0625,0.080078125,14.399999999999995,pyxet merged upload,23.70512819290161,,76.20008087158203,true,append,,3.214497734477546
17-08-2023 15:35:01.835,cf86d195-935b-49a8-aaa6-a4bf5bb5c6b2,true,5,blog.csv,lakefs,5.78193,67.585445,0.0,lakefs,156.5869140625,77.4130859375,3.6,lakefs merged upload,6.0147788524627686,,76.20008087158203,true,append,,12.668808403551145
17-08-2023 15:35:30.578,cf86d195-935b-49a8-aaa6-a4bf5bb5c6b2,true,6,blog.csv,xethub,27.899545000000018,326.32953999999995,0.0,git-xet,0.3935546875,0.14453125,17.4,gitxet merged upload,28.692152976989746,,76.20008087158203,true,append,,2.655781214211852
17-08-2023 15:35:48.409,cf86d195-935b-49a8-aaa6-a4bf5bb5c6b2,true,6,blog.csv,dvc,17.294356999999994,202.835642,0.0,dvc,79.869140625,0.8798828125,10.799999999999997,dvc merged upload,17.801263093948364,,76.20008087158203,true,append,,4.28059966696895
17-08-2023 15:36:43.140,cf86d195-935b-49a8-aaa6-a4bf5bb5c6b2,true,6,blog.csv,lfs,52.75966500000002,609.9390109999998,0.0,lfs s3,250.6220703125,154.62109375,33.000000000000036,lfs s3 merged upload,54.701255083084106,,76.20008087158203,true,append,,1.3930225322224143
17-08-2023 15:36:55.799,cf86d195-935b-49a8-aaa6-a4bf5bb5c6b2,true,6,blog.csv,s3,12.463266,139.856298,0.0,s3,80.228515625,1.0400390625,7.799999999999998,s3 merged upload,12.610388040542603,,76.20008087158203,true,append,,6.0426436225909566
17-08-2023 15:37:03.245,cf86d195-935b-49a8-aaa6-a4bf5bb5c6b2,true,6,blog.csv,lfs,7.667478000000001,86.205559,0.0,lfs git,79.9462890625,0.712890625,4.8,lfs git merged upload,7.415528297424316,,76.20008087158203,true,append,,10.27574541088989
17-08-2023 15:37:35.017,cf86d195-935b-49a8-aaa6-a4bf5bb5c6b2,true,6,blog.csv,xethub,30.815828,345.39713499999993,57.39999999999998,pyxet,0.1865234375,0.4736328125,19.200000000000003,pyxet merged upload,31.71846103668213,,76.20008087158203,true,append,,2.4023889678461163
17-08-2023 15:37:55.627,cf86d195-935b-49a8-aaa6-a4bf5bb5c6b2,true,6,blog.csv,lakefs,20.229347999999998,226.716688,0.0,lakefs,126.0537109375,77.7587890625,12.599999999999996,lakefs merged upload,20.538506031036377,,76.20008087158203,true,append,,3.7101082598916255
17-08-2023 15:38:27.711,cf86d195-935b-49a8-aaa6-a4bf5bb5c6b2,true,7,blog.csv,xethub,30.77145000000001,345.70690400000007,0.0,git-xet,0.3857421875,0.169921875,19.200000000000003,gitxet merged upload,32.02625370025635,,76.20008087158203,true,append,,2.379300482184468
17-08-2023 15:38:39.881,cf86d195-935b-49a8-aaa6-a4bf5bb5c6b2,true,7,blog.csv,dvc,12.490798999999999,140.695322,0.0,dvc,79.9091796875,0.8681640625,7.799999999999998,dvc merged upload,12.140619993209839,,76.20008087158203,true,append,,6.27645712609407
17-08-2023 15:39:41.317,cf86d195-935b-49a8-aaa6-a4bf5bb5c6b2,true,7,blog.csv,lfs,59.56271899999999,671.447311,0.0,lfs s3,253.9365234375,154.4462890625,37.200000000000045,lfs s3 merged upload,61.405389070510864,,76.20008087158203,true,append,,1.2409347457123454
17-08-2023 15:39:52.496,cf86d195-935b-49a8-aaa6-a4bf5bb5c6b2,true,7,blog.csv,s3,11.521530000000002,130.16950499999996,0.0,s3,80.177734375,0.92578125,7.199999999999998,s3 merged upload,11.131365299224854,,76.20008087158203,true,append,,6.845528722059667
17-08-2023 15:40:13.697,cf86d195-935b-49a8-aaa6-a4bf5bb5c6b2,true,7,blog.csv,lfs,21.123598000000005,238.95935199999997,0.0,lfs git,79.267578125,0.765625,13.199999999999996,lfs git merged upload,21.16896915435791,,76.20008087158203,true,append,,3.5996122586770007
17-08-2023 15:40:43.931,cf86d195-935b-49a8-aaa6-a4bf5bb5c6b2,true,7,blog.csv,xethub,30.075691000000006,337.138683,52.399999999999984,pyxet,0.166015625,0.111328125,18.6,pyxet merged upload,30.18068814277649,,76.20008087158203,true,append,,2.5247960056808685
17-08-2023 15:40:50.999,cf86d195-935b-49a8-aaa6-a4bf5bb5c6b2,true,7,blog.csv,lakefs,6.7533319999999994,76.16323799999999,0.0,lakefs,156.6064453125,77.2509765625,4.2,lakefs merged upload,7.0033581256866455,,76.20008087158203,true,append,,10.880506109218993
17-08-2023 15:41:20.642,cf86d195-935b-49a8-aaa6-a4bf5bb5c6b2,true,8,blog.csv,xethub,28.890403999999993,325.76372799999996,0.0,git-xet,0.4208984375,0.61328125,18.0,gitxet merged upload,29.59117102622986,,76.20008087158203,true,append,,2.5750951459148963
17-08-2023 15:41:44.000,cf86d195-935b-49a8-aaa6-a4bf5bb5c6b2,true,8,blog.csv,dvc,23.071694,260.881234,0.1,dvc,79.3720703125,0.896484375,14.399999999999995,dvc merged upload,23.328201055526733,,76.20008087158203,true,append,,3.2664362198442776
17-08-2023 15:42:06.291,cf86d195-935b-49a8-aaa6-a4bf5bb5c6b2,true,8,blog.csv,lfs,22.08216,250.63616500000003,0.0,lfs s3,155.8994140625,77.3291015625,13.799999999999995,lfs s3 merged upload,22.25985312461853,,76.20008087158203,true,append,,3.42320681295546
17-08-2023 15:42:15.548,cf86d195-935b-49a8-aaa6-a4bf5bb5c6b2,true,8,blog.csv,s3,9.600102999999999,109.15357600000002,0.0,s3,80.439453125,0.8232421875,5.999999999999999,s3 merged upload,9.213161945343018,,76.20008087158203,true,append,,8.27078491875408
17-08-2023 15:42:37.065,cf86d195-935b-49a8-aaa6-a4bf5bb5c6b2,true,8,blog.csv,lfs,21.117054,240.28673100000003,0.0,lfs git,79.3564453125,0.7705078125,13.199999999999996,lfs git merged upload,21.486942291259766,,76.20008087158203,true,append,,3.5463436276169413
17-08-2023 15:43:00.267,cf86d195-935b-49a8-aaa6-a4bf5bb5c6b2,true,8,blog.csv,xethub,23.391433000000006,262.44093200000003,30.999999999999996,pyxet,0.0537109375,0.0849609375,14.399999999999995,pyxet merged upload,23.156559944152832,,76.20008087158203,true,append,,3.2906477065399775
17-08-2023 15:43:24.008,cf86d195-935b-49a8-aaa6-a4bf5bb5c6b2,true,8,blog.csv,lakefs,23.753020000000003,262.568742,0.0,lakefs,156.166015625,77.845703125,14.399999999999995,lakefs merged upload,23.694359064102173,,76.20008087158203,true,append,,3.215958729477851
17-08-2023 15:43:58.064,cf86d195-935b-49a8-aaa6-a4bf5bb5c6b2,true,9,blog.csv,xethub,33.60048900000002,372.306706,0.0,git-xet,0.4091796875,0.1708984375,20.400000000000006,gitxet merged upload,33.99742007255554,,76.20008087158203,true,append,,2.2413489232112243
17-08-2023 15:44:21.419,cf86d195-935b-49a8-aaa6-a4bf5bb5c6b2,true,9,blog.csv,dvc,23.694846999999996,263.38264799999996,0.0,dvc,79.3017578125,0.9306640625,14.399999999999995,dvc merged upload,23.326112031936646,,76.20008087158203,true,append,,3.26672875304953
17-08-2023 15:44:45.957,cf86d195-935b-49a8-aaa6-a4bf5bb5c6b2,true,9,blog.csv,lfs,24.65551699999999,274.416065,0.0,lfs s3,156.0380859375,77.5703125,14.999999999999995,lfs s3 merged upload,24.506943941116333,,76.20008087158203,true,append,,3.109326118126787
17-08-2023 15:45:22.128,cf86d195-935b-49a8-aaa6-a4bf5bb5c6b2,true,9,blog.csv,s3,35.491147000000026,396.41460300000006,0.0,s3,80.2802734375,1.1279296875,21.60000000000001,s3 merged upload,36.13920307159424,,76.20008087158203,true,append,,2.1085158054156437
17-08-2023 15:45:29.775,cf86d195-935b-49a8-aaa6-a4bf5bb5c6b2,true,9,blog.csv,lfs,7.880794999999999,88.11117500000002,0.0,lfs git,79.9833984375,0.669921875,4.8,lfs git merged upload,7.6146039962768555,,76.20008087158203,true,append,,10.007097008437983
17-08-2023 15:45:43.461,cf86d195-935b-49a8-aaa6-a4bf5bb5c6b2,true,9,blog.csv,xethub,13.836621,154.22879899999998,13.4,pyxet,0.01953125,0.0498046875,8.399999999999999,pyxet merged upload,13.632670879364014,,76.20008087158203,true,append,,5.589519584671209
17-08-2023 15:45:49.979,cf86d195-935b-49a8-aaa6-a4bf5bb5c6b2,true,9,blog.csv,lakefs,6.954765999999999,77.24498600000001,0.0,lakefs,156.5205078125,77.291015625,4.2,lakefs merged upload,6.449424982070923,,76.20008087158203,true,append,,11.81501933636168
17-08-2023 15:46:23.456,cf86d195-935b-49a8-aaa6-a4bf5bb5c6b2,true,10,blog.csv,xethub,33.71905500000001,375.2329090000001,0.0,git-xet,0.333984375,0.1943359375,20.400000000000006,gitxet merged upload,33.41815900802612,,76.20008087158203,true,append,,2.2801998414479048
17-08-2023 15:46:46.778,cf86d195-935b-49a8-aaa6-a4bf5bb5c6b2,true,10,blog.csv,dvc,23.776773000000006,265.578053,0.0,dvc,79.56640625,1.9306640625,14.399999999999995,dvc merged upload,23.293269157409668,,76.20008087158203,true,append,,3.271334751538838
17-08-2023 15:47:08.545,cf86d195-935b-49a8-aaa6-a4bf5bb5c6b2,true,10,blog.csv,lfs,21.765325999999995,244.40319100000002,0.0,lfs s3,156.162109375,78.1787109375,13.199999999999996,lfs s3 merged upload,21.736063957214355,,76.20008087158203,true,append,,3.505698226761551
17-08-2023 15:47:50.779,cf86d195-935b-49a8-aaa6-a4bf5bb5c6b2,true,10,blog.csv,s3,41.55013900000001,467.68856499999987,0.0,s3,81.052734375,1.751953125,25.200000000000017,s3 merged upload,42.1880419254303,,76.20008087158203,true,append,,1.80620093737154
17-08-2023 15:47:59.596,cf86d195-935b-49a8-aaa6-a4bf5bb5c6b2,true,10,blog.csv,lfs,8.896497000000002,100.01406100000001,0.0,lfs git,79.2578125,0.7021484375,5.3999999999999995,lfs git merged upload,8.788157224655151,,76.20008087158203,true,append,,8.670768959140025
17-08-2023 15:48:19.233,cf86d195-935b-49a8-aaa6-a4bf5bb5c6b2,true,10,blog.csv,xethub,19.887366999999998,222.74359,27.599999999999994,pyxet,0.0654296875,0.0908203125,11.999999999999996,pyxet merged upload,19.589078903198242,,76.20008087158203,true,append,,3.8899266906899386
17-08-2023 15:48:33.401,cf86d195-935b-49a8-aaa6-a4bf5bb5c6b2,true,10,blog.csv,lakefs,14.930348999999998,167.19240100000002,0.0,lakefs,156.1123046875,77.7080078125,8.999999999999998,lakefs merged upload,14.108114242553711,,76.20008087158203,true,append,,5.401152809051045
17-08-2023 15:49:04.329,cf86d195-935b-49a8-aaa6-a4bf5bb5c6b2,true,11,blog.csv,xethub,30.803275999999997,345.66036499999996,0.0,git-xet,0.3623046875,0.1611328125,18.6,gitxet merged upload,30.85881495475769,,76.20008087158203,true,append,,2.469313257275092
17-08-2023 15:49:27.553,cf86d195-935b-49a8-aaa6-a4bf5bb5c6b2,true,11,blog.csv,dvc,23.815407000000008,268.21216499999997,0.1,dvc,79.32421875,0.912109375,14.399999999999995,dvc merged upload,23.195019006729126,,76.20008087158203,true,append,,3.2851915684775066
17-08-2023 15:49:49.182,cf86d195-935b-49a8-aaa6-a4bf5bb5c6b2,true,11,blog.csv,lfs,21.804254000000004,245.71356900000004,0.0,lfs s3,155.98046875,77.453125,13.199999999999996,lfs s3 merged upload,21.59822368621826,,76.20008087158203,true,append,,3.52807165897652
17-08-2023 15:50:15.513,cf86d195-935b-49a8-aaa6-a4bf5bb5c6b2,true,11,blog.csv,s3,26.75757900000001,302.13878099999994,0.0,s3,79.515625,1.390625,16.199999999999996,s3 merged upload,26.281810998916626,,76.20008087158203,true,append,,2.899346657455345
17-08-2023 15:50:55.694,cf86d195-935b-49a8-aaa6-a4bf5bb5c6b2,true,11,blog.csv,lfs,39.601316,446.983829,0.0,lfs git,79.5205078125,0.6416015625,24.000000000000014,lfs git merged upload,40.14851903915405,,76.20008087158203,true,append,,1.8979549606118573
17-08-2023 15:51:26.561,cf86d195-935b-49a8-aaa6-a4bf5bb5c6b2,true,11,blog.csv,xethub,30.812347000000003,347.62176200000005,50.499999999999986,pyxet,0.080078125,0.1142578125,18.6,pyxet merged upload,30.81273317337036,,76.20008087158203,true,append,,2.4730062225520872
17-08-2023 15:52:06.343,cf86d195-935b-49a8-aaa6-a4bf5bb5c6b2,true,11,blog.csv,lakefs,39.742788999999995,449.1059459999999,0.0,lakefs,156.3720703125,77.923828125,24.000000000000014,lakefs merged upload,39.711591958999634,,76.20008087158203,true,append,,1.9188372239081994
17-08-2023 15:52:43.004,cf86d195-935b-49a8-aaa6-a4bf5bb5c6b2,true,12,blog.csv,xethub,36.68527599999999,416.20502,0.0,git-xet,0.3984375,0.166015625,22.20000000000001,gitxet merged upload,36.60331606864929,,76.20008087158203,true,append,,2.0817808071997974
17-08-2023 15:55:13.181,cf86d195-935b-49a8-aaa6-a4bf5bb5c6b2,true,12,blog.csv,dvc,148.67116799999997,1690.5809269999995,0.1,dvc,80.396484375,1.34765625,89.99999999999986,dvc merged upload,150.14802312850952,,76.20008087158203,true,append,,0.5074997278276749
17-08-2023 15:55:34.816,cf86d195-935b-49a8-aaa6-a4bf5bb5c6b2,true,12,blog.csv,lfs,21.780503000000003,247.49834299999998,0.0,lfs s3,156.0224609375,77.392578125,13.199999999999996,lfs s3 merged upload,21.605522871017456,,76.20008087158203,true,append,,3.5268797393373883
17-08-2023 15:56:08.618,cf86d195-935b-49a8-aaa6-a4bf5bb5c6b2,true,12,blog.csv,s3,33.65269700000002,383.625808,0.0,s3,79.6494140625,1.4248046875,20.400000000000006,s3 merged upload,33.7529730796814,,76.20008087158203,true,append,,2.2575813008144436
17-08-2023 15:56:29.989,cf86d195-935b-49a8-aaa6-a4bf5bb5c6b2,true,12,blog.csv,lfs,21.776677000000003,247.826786,0.0,lfs git,79.5185546875,1.255859375,13.199999999999996,lfs git merged upload,21.340265035629272,,76.20008087158203,true,append,,3.570718580315658
17-08-2023 15:56:47.083,cf86d195-935b-49a8-aaa6-a4bf5bb5c6b2,true,12,blog.csv,xethub,16.878642000000003,191.70321800000002,17.9,pyxet,0.0244140625,0.064453125,10.199999999999998,pyxet merged upload,17.04295301437378,,76.20008087158203,true,append,,4.471060901670971
17-08-2023 15:57:10.650,cf86d195-935b-49a8-aaa6-a4bf5bb5c6b2,true,12,blog.csv,lakefs,23.834909000000007,271.49650599999995,0.0,lakefs,156.1328125,77.6552734375,14.399999999999995,lakefs merged upload,23.500540256500244,,76.20008087158203,true,append,,3.242482089342823
17-08-2023 15:57:44.918,cf86d195-935b-49a8-aaa6-a4bf5bb5c6b2,true,13,blog.csv,xethub,34.686764000000004,396.387731,0.0,git-xet,0.4140625,0.177734375,21.000000000000007,gitxet merged upload,34.205424070358276,,76.20008087158203,true,append,,2.227719227068887
17-08-2023 15:58:16.442,cf86d195-935b-49a8-aaa6-a4bf5bb5c6b2,true,13,blog.csv,dvc,31.649508999999973,363.061794,0.0,dvc,79.3037109375,1.060546875,19.200000000000003,dvc merged upload,31.494948863983154,,76.20008087158203,true,append,,2.4194381518340093
17-08-2023 15:58:38.234,cf86d195-935b-49a8-aaa6-a4bf5bb5c6b2,true,13,blog.csv,lfs,21.731275000000004,249.55006299999997,0.0,lfs s3,156.0595703125,77.423828125,13.199999999999996,lfs s3 merged upload,21.761474132537842,,76.20008087158203,true,append,,3.5016047353909436
17-08-2023 15:59:13.270,cf86d195-935b-49a8-aaa6-a4bf5bb5c6b2,true,13,blog.csv,s3,34.549843999999986,398.177429,0.0,s3,79.6396484375,1.45703125,21.000000000000007,s3 merged upload,34.988041162490845,,76.20008087158203,true,append,,2.1778893113133986
17-08-2023 15:59:21.164,cf86d195-935b-49a8-aaa6-a4bf5bb5c6b2,true,13,blog.csv,lfs,7.898455,90.885209,0.0,lfs git,79.904296875,0.685546875,4.8,lfs git merged upload,7.862926959991455,,76.20008087158203,true,append,,9.691057955810496
17-08-2023 15:59:41.299,cf86d195-935b-49a8-aaa6-a4bf5bb5c6b2,true,13,blog.csv,xethub,19.893739000000004,227.52817800000003,24.399999999999995,pyxet,0.13671875,0.08203125,11.999999999999996,pyxet merged upload,20.086323022842407,,76.20008087158203,true,append,,3.793630162420787
17-08-2023 15:59:46.278,cf86d195-935b-49a8-aaa6-a4bf5bb5c6b2,true,13,blog.csv,lakefs,4.998356,56.820339000000004,0.0,lakefs,156.533203125,77.3359375,3.0,lakefs merged upload,4.938640117645264,,76.20008087158203,true,append,,15.429364978291659
17-08-2023 16:00:21.346,cf86d195-935b-49a8-aaa6-a4bf5bb5c6b2,true,14,blog.csv,xethub,34.92322000000001,397.977447,0.0,git-xet,0.337890625,0.19140625,21.000000000000007,gitxet merged upload,35.019659996032715,,76.20008087158203,true,append,,2.1759229210167814
17-08-2023 16:00:45.716,cf86d195-935b-49a8-aaa6-a4bf5bb5c6b2,true,14,blog.csv,dvc,24.927247000000012,284.77848300000005,0.1,dvc,79.3583984375,0.9150390625,14.999999999999995,dvc merged upload,24.339492082595825,,76.20008087158203,true,append,,3.1307177903712127
17-08-2023 16:01:13.594,cf86d195-935b-49a8-aaa6-a4bf5bb5c6b2,true,14,blog.csv,lfs,27.879618000000022,318.88157100000006,0.0,lfs s3,155.93359375,77.591796875,16.799999999999997,lfs s3 merged upload,27.84727382659912,,76.20008087158203,true,append,,2.736356935550271
17-08-2023 16:01:40.328,cf86d195-935b-49a8-aaa6-a4bf5bb5c6b2,true,14,blog.csv,s3,26.868681000000013,308.262318,0.0,s3,79.7939453125,2.0966796875,16.199999999999996,s3 merged upload,26.687551021575928,,76.20008087158203,true,append,,2.8552668924165054
17-08-2023 16:02:02.439,cf86d195-935b-49a8-aaa6-a4bf5bb5c6b2,true,14,blog.csv,lfs,21.89037799999999,251.04438600000003,0.0,lfs git,79.310546875,0.83984375,13.199999999999996,lfs git merged upload,22.080628871917725,,76.20008087158203,true,append,,3.4509923296837686
17-08-2023 16:02:16.407,cf86d195-935b-49a8-aaa6-a4bf5bb5c6b2,true,14,blog.csv,xethub,13.982565,159.784263,10.1,pyxet,0.064453125,0.0712890625,8.399999999999999,pyxet merged upload,13.911731958389282,,76.20008087158203,true,append,,5.47739714217471
17-08-2023 16:02:26.002,cf86d195-935b-49a8-aaa6-a4bf5bb5c6b2,true,14,blog.csv,lakefs,10.011307,114.031785,0.0,lakefs,156.546875,77.3564453125,5.999999999999999,lakefs merged upload,9.508572816848755,,76.20008087158203,true,append,,8.013829450468002
17-08-2023 16:02:59.524,cf86d195-935b-49a8-aaa6-a4bf5bb5c6b2,true,15,blog.csv,xethub,33.991888999999986,387.46823299999994,0.0,git-xet,0.41796875,0.185546875,20.400000000000006,gitxet merged upload,33.46294283866882,,76.20008087158203,true,append,,2.277148224498874
17-08-2023 16:03:22.932,cf86d195-935b-49a8-aaa6-a4bf5bb5c6b2,true,15,blog.csv,dvc,23.97477699999999,273.96941100000004,0.1,dvc,79.29296875,0.9169921875,14.399999999999995,dvc merged upload,23.378376960754395,,76.20008087158203,true,append,,3.259425622210651
17-08-2023 16:03:49.003,cf86d195-935b-49a8-aaa6-a4bf5bb5c6b2,true,15,blog.csv,lfs,25.945553999999994,296.457644,0.0,lfs s3,156.0263671875,77.498046875,15.599999999999994,lfs s3 merged upload,26.040092945098877,,76.20008087158203,true,append,,2.9262599420146844
17-08-2023 16:04:13.314,cf86d195-935b-49a8-aaa6-a4bf5bb5c6b2,true,15,blog.csv,s3,24.936191,285.55154899999997,0.0,s3,79.4658203125,1.41015625,14.999999999999995,s3 merged upload,24.26202917098999,,76.20008087158203,true,append,,3.140713430626576
17-08-2023 16:04:40.805,cf86d195-935b-49a8-aaa6-a4bf5bb5c6b2,true,15,blog.csv,lfs,27.931769000000006,319.647313,0.0,lfs git,79.3916015625,0.8193359375,16.799999999999997,lfs git merged upload,27.45917510986328,,76.20008087158203,true,append,,2.7750316812762197
17-08-2023 16:04:53.907,cf86d195-935b-49a8-aaa6-a4bf5bb5c6b2,true,15,blog.csv,xethub,12.99932,148.41695499999997,12.4,pyxet,0.03515625,0.0595703125,7.799999999999998,pyxet merged upload,13.043766975402832,,76.20008087158203,true,append,,5.8418768914896795
17-08-2023 16:05:25.080,cf86d195-935b-49a8-aaa6-a4bf5bb5c6b2,true,15,blog.csv,lakefs,31.05349299999999,353.4364530000001,0.0,lakefs,156.0244140625,77.6298828125,18.6,lakefs merged upload,31.121206998825073,,76.20008087158203,true,append,,2.4484937513657115
17-08-2023 16:05:53.329,cf86d195-935b-49a8-aaa6-a4bf5bb5c6b2,true,16,blog.csv,xethub,29.015659000000003,330.517925,0.0,git-xet,0.630859375,0.603515625,17.4,gitxet merged upload,28.179935932159424,,76.20008087158203,true,append,,2.704054439833598
17-08-2023 16:06:16.954,cf86d195-935b-49a8-aaa6-a4bf5bb5c6b2,true,16,blog.csv,dvc,23.979787000000012,274.10540000000003,0.1,dvc,79.2841796875,1.009765625,14.399999999999995,dvc merged upload,23.59549903869629,,76.20008087158203,true,append,,3.229432899326052
17-08-2023 16:06:38.754,cf86d195-935b-49a8-aaa6-a4bf5bb5c6b2,true,16,blog.csv,lfs,21.952206999999998,250.863982,0.0,lfs s3,156.13671875,77.578125,13.199999999999996,lfs s3 merged upload,21.770578384399414,,76.20008087158203,true,append,,3.5001403971052176
17-08-2023 16:07:00.942,cf86d195-935b-49a8-aaa6-a4bf5bb5c6b2,true,16,blog.csv,s3,22.950988999999993,262.699706,0.0,s3,80.13671875,1.66796875,13.799999999999995,s3 merged upload,22.153559923171997,,76.20008087158203,true,append,,3.439631424287656
17-08-2023 16:07:08.956,cf86d195-935b-49a8-aaa6-a4bf5bb5c6b2,true,16,blog.csv,lfs,7.975882,91.37173200000001,0.0,lfs git,79.8876953125,0.6826171875,4.8,lfs git merged upload,7.982880115509033,,76.20008087158203,true,append,,9.545437206747165
17-08-2023 16:07:29.594,cf86d195-935b-49a8-aaa6-a4bf5bb5c6b2,true,16,blog.csv,xethub,21.008753,240.01809200000002,28.299999999999994,pyxet,0.1435546875,0.0927734375,12.599999999999996,pyxet merged upload,20.587361812591553,,76.20008087158203,true,append,,3.70130381761576
17-08-2023 16:07:37.492,cf86d195-935b-49a8-aaa6-a4bf5bb5c6b2,true,16,blog.csv,lakefs,7.99952,91.45007100000001,0.0,lakefs,156.5302734375,77.361328125,4.8,lakefs merged upload,7.834764003753662,,76.20008087158203,true,append,,9.72589357319178
17-08-2023 16:08:08.780,cf86d195-935b-49a8-aaa6-a4bf5bb5c6b2,true,17,blog.csv,xethub,31.944778999999993,365.291906,0.0,git-xet,0.3056640625,0.1611328125,19.200000000000003,gitxet merged upload,31.239048957824707,,76.20008087158203,true,append,,2.4392573850266195
17-08-2023 16:08:32.301,cf86d195-935b-49a8-aaa6-a4bf5bb5c6b2,true,17,blog.csv,dvc,23.93087000000001,274.365252,0.1,dvc,40.0126953125,0.998046875,14.399999999999995,dvc merged upload,23.4910728931427,,76.20008087158203,true,append,,3.2437888732543017
17-08-2023 16:09:01.441,cf86d195-935b-49a8-aaa6-a4bf5bb5c6b2,true,17,blog.csv,lfs,28.880606000000004,331.31441200000006,0.0,lfs s3,155.94140625,77.5869140625,17.4,lfs s3 merged upload,29.110908031463623,,76.20008087158203,true,append,,2.6175782902142224
17-08-2023 16:09:39.440,cf86d195-935b-49a8-aaa6-a4bf5bb5c6b2,true,17,blog.csv,s3,37.808173999999994,434.5921719999999,0.0,s3,79.654296875,1.4130859375,22.80000000000001,s3 merged upload,37.95529294013977,,76.20008087158203,true,append,,2.007627262731421
17-08-2023 16:09:46.961,cf86d195-935b-49a8-aaa6-a4bf5bb5c6b2,true,17,blog.csv,lfs,7.956664,91.449005,0.0,lfs git,79.255859375,0.708984375,4.8,lfs git merged upload,7.491778135299683,,76.20008087158203,true,append,,10.171160904050707
17-08-2023 16:10:07.565,cf86d195-935b-49a8-aaa6-a4bf5bb5c6b2,true,17,blog.csv,xethub,20.986085000000003,240.28025800000003,25.599999999999994,pyxet,0.0703125,0.0830078125,12.599999999999996,pyxet merged upload,20.557265996932983,,76.20008087158203,true,append,,3.706722522486726
17-08-2023 16:10:33.013,cf86d195-935b-49a8-aaa6-a4bf5bb5c6b2,true,17,blog.csv,lakefs,26.019194000000002,297.10623100000004,0.0,lakefs,156.1708984375,77.662109375,15.599999999999994,lakefs merged upload,25.375544786453247,,76.20008087158203,true,append,,3.002894381690733
17-08-2023 16:11:03.067,cf86d195-935b-49a8-aaa6-a4bf5bb5c6b2,true,18,blog.csv,xethub,29.96995999999999,342.45204399999994,0.0,git-xet,0.294921875,0.1494140625,18.0,gitxet merged upload,29.993470907211304,,76.20008087158203,true,append,,2.5405556131638405
17-08-2023 16:11:39.592,cf86d195-935b-49a8-aaa6-a4bf5bb5c6b2,true,18,blog.csv,dvc,36.92199400000001,422.888421,0.0,dvc,80.0751953125,1.43359375,22.20000000000001,dvc merged upload,36.49601912498474,,76.20008087158203,true,append,,2.0879011656210023
17-08-2023 16:12:34.305,cf86d195-935b-49a8-aaa6-a4bf5bb5c6b2,true,18,blog.csv,lfs,54.82172899999999,629.3903540000001,0.0,lfs s3,274.9287109375,154.818359375,33.000000000000036,lfs s3 merged upload,54.68013405799866,,76.20008087158203,true,append,,1.3935606081498884
17-08-2023 16:12:55.994,cf86d195-935b-49a8-aaa6-a4bf5bb5c6b2,true,18,blog.csv,s3,21.932667000000002,252.001797,0.0,s3,80.578125,1.0400390625,13.199999999999996,s3 merged upload,21.656893968582153,,76.20008087158203,true,append,,3.518513826688451
17-08-2023 16:16:40.459,cf86d195-935b-49a8-aaa6-a4bf5bb5c6b2,true,18,blog.csv,lfs,223.02866800000115,2564.0997049999996,0.0,lfs git,82.314453125,2.037109375,134.39999999999944,lfs git merged upload,224.4346842765808,,76.20008087158203,true,append,,0.3395200751488005
17-08-2023 16:16:53.489,cf86d195-935b-49a8-aaa6-a4bf5bb5c6b2,true,18,blog.csv,xethub,12.990815000000001,148.871045,10.5,pyxet,0.041015625,0.0810546875,7.799999999999998,pyxet merged upload,12.977264881134033,,76.20008087158203,true,append,,5.871813634809865
17-08-2023 16:16:59.575,cf86d195-935b-49a8-aaa6-a4bf5bb5c6b2,true,18,blog.csv,lakefs,6.033742,68.698853,0.0,lakefs,156.5419921875,77.384765625,3.6,lakefs merged upload,6.010171890258789,,76.20008087158203,true,append,,12.678519393943818
17-08-2023 16:17:33.039,cf86d195-935b-49a8-aaa6-a4bf5bb5c6b2,true,19,blog.csv,xethub,34.14839900000001,388.8600119999999,0.0,git-xet,0.5595703125,0.3916015625,20.400000000000006,gitxet merged upload,33.40976595878601,,76.20008087158203,true,append,,2.2807726628669527
17-08-2023 16:17:45.284,cf86d195-935b-49a8-aaa6-a4bf5bb5c6b2,true,19,blog.csv,dvc,13.045600999999998,148.36261299999998,0.1,dvc,79.84765625,0.837890625,7.799999999999998,dvc merged upload,12.214387893676758,,76.20008087158203,true,append,,6.238550923295133
17-08-2023 16:18:15.290,cf86d195-935b-49a8-aaa6-a4bf5bb5c6b2,true,19,blog.csv,lfs,30.074110999999988,341.486878,0.0,lfs s3,155.95703125,77.501953125,18.0,lfs s3 merged upload,29.97623920440674,,76.20008087158203,true,append,,2.5420160398366463
17-08-2023 16:18:46.042,cf86d195-935b-49a8-aaa6-a4bf5bb5c6b2,true,19,blog.csv,s3,31.03335899999999,353.36614099999997,0.0,s3,79.5595703125,1.3701171875,18.6,s3 merged upload,30.70219898223877,,76.20008087158203,true,append,,2.4819095503766295
17-08-2023 16:18:53.689,cf86d195-935b-49a8-aaa6-a4bf5bb5c6b2,true,19,blog.csv,lfs,8.008061,91.192848,0.0,lfs git,79.8740234375,0.640625,4.8,lfs git merged upload,7.6160571575164795,,76.20008087158203,true,append,,10.005187631290063
17-08-2023 16:19:19.381,cf86d195-935b-49a8-aaa6-a4bf5bb5c6b2,true,19,blog.csv,xethub,26.269007,296.89837700000004,39.699999999999996,pyxet,0.05078125,0.0830078125,15.599999999999994,pyxet merged upload,25.63835382461548,,76.20008087158203,true,append,,2.9721128506473007
17-08-2023 16:19:36.496,cf86d195-935b-49a8-aaa6-a4bf5bb5c6b2,true,19,blog.csv,lakefs,17.241145999999993,194.306439,0.0,lakefs,156.6728515625,77.37109375,10.199999999999998,lakefs merged upload,17.043199062347412,,76.20008087158203,true,append,,4.470996354195417
17-08-2023 16:20:07.873,cf86d195-935b-49a8-aaa6-a4bf5bb5c6b2,true,20,blog.csv,xethub,32.419999999999995,365.6746519999999,0.0,git-xet,0.3427734375,0.17578125,19.200000000000003,gitxet merged upload,31.316407918930054,,76.20008087158203,true,append,,2.4332318402814272
17-08-2023 16:20:33.692,cf86d195-935b-49a8-aaa6-a4bf5bb5c6b2,true,20,blog.csv,dvc,26.30184399999999,297.70537699999994,0.1,dvc,79.3701171875,1.0078125,15.599999999999994,dvc merged upload,25.78876495361328,,76.20008087158203,true,append,,2.9547782148018524
17-08-2023 16:22:01.586,cf86d195-935b-49a8-aaa6-a4bf5bb5c6b2,true,20,blog.csv,lfs,88.97036099999987,1008.5424079999998,0.0,lfs s3,331.751953125,232.8251953125,52.80000000000008,lfs s3 merged upload,87.86450099945068,,76.20008087158203,true,append,,0.8672453608091216
17-08-2023 16:22:44.018,cf86d195-935b-49a8-aaa6-a4bf5bb5c6b2,true,20,blog.csv,s3,43.47140500000003,493.75523899999996,0.0,s3,80.01953125,1.5439453125,25.80000000000002,s3 merged upload,42.38052797317505,,76.20008087158203,true,append,,1.797997441650874
17-08-2023 16:24:49.135,cf86d195-935b-49a8-aaa6-a4bf5bb5c6b2,true,20,blog.csv,lfs,126.35265500000013,1432.8539689999998,0.0,lfs git,80.3115234375,1.677734375,75.0,lfs git merged upload,125.08634901046753,,76.20008087158203,true,append,,0.6091798303682636
17-08-2023 16:25:24.483,cf86d195-935b-49a8-aaa6-a4bf5bb5c6b2,true,20,blog.csv,xethub,36.494471000000004,413.13169099999993,58.199999999999974,pyxet,0.0576171875,0.10546875,21.60000000000001,pyxet merged upload,35.293532848358154,,76.20008087158203,true,append,,2.1590380651033874
17-08-2023 16:25:45.843,cf86d195-935b-49a8-aaa6-a4bf5bb5c6b2,true,20,blog.csv,lakefs,22.321688,252.20242099999996,0.0,lakefs,156.142578125,77.6826171875,13.199999999999996,lakefs merged upload,21.293445825576782,,76.20008087158203,true,append,,3.5785697390534006
17-08-2023 16:26:17.691,cf86d195-935b-49a8-aaa6-a4bf5bb5c6b2,true,21,blog.csv,xethub,32.412036,366.59982600000006,0.0,git-xet,0.4326171875,0.630859375,19.200000000000003,gitxet merged upload,31.786110162734985,,76.20008087158203,true,append,,2.3972760580474097
17-08-2023 16:29:13.620,cf86d195-935b-49a8-aaa6-a4bf5bb5c6b2,true,21,blog.csv,dvc,177.01656500000016,2008.0021330000009,0.0,dvc,81.6474609375,1.7138671875,104.99999999999972,dvc merged upload,175.8959538936615,,76.20008087158203,true,append,,0.43321110682084846
17-08-2023 16:29:35.326,cf86d195-935b-49a8-aaa6-a4bf5bb5c6b2,true,21,blog.csv,lfs,22.242795000000005,252.08928599999996,0.0,lfs s3,155.931640625,77.3095703125,13.199999999999996,lfs s3 merged upload,21.673107862472534,,76.20008087158203,true,append,,3.515881587223776
17-08-2023 16:30:02.219,cf86d195-935b-49a8-aaa6-a4bf5bb5c6b2,true,21,blog.csv,s3,27.296429000000007,309.995879,0.0,s3,88.900390625,1.7705078125,16.199999999999996,s3 merged upload,26.859752893447876,,76.20008087158203,true,append,,2.836961351575582
17-08-2023 16:30:23.217,cf86d195-935b-49a8-aaa6-a4bf5bb5c6b2,true,21,blog.csv,lfs,21.210211000000005,241.10448400000004,0.0,lfs git,79.2783203125,0.7666015625,12.599999999999996,lfs git merged upload,20.965890169143677,,76.20008087158203,true,append,,3.634478682127634
17-08-2023 16:30:58.112,cf86d195-935b-49a8-aaa6-a4bf5bb5c6b2,true,21,blog.csv,xethub,35.504220999999994,401.830953,58.49999999999998,pyxet,0.181640625,0.1181640625,21.000000000000007,pyxet merged upload,34.8541841506958,,76.20008087158203,true,append,,2.186253465068148
17-08-2023 16:31:27.655,cf86d195-935b-49a8-aaa6-a4bf5bb5c6b2,true,21,blog.csv,lakefs,30.435480999999985,344.364519,0.0,lakefs,156.330078125,78.1796875,18.0,lakefs merged upload,29.472532987594604,,76.20008087158203,true,append,,2.585460873134172
17-08-2023 16:31:56.883,cf86d195-935b-49a8-aaa6-a4bf5bb5c6b2,true,22,blog.csv,xethub,30.402903,343.6191089999999,0.0,git-xet,0.3544921875,0.19140625,18.0,gitxet merged upload,29.178558111190796,,76.20008087158203,true,append,,2.6115094714826625
17-08-2023 16:32:10.405,cf86d195-935b-49a8-aaa6-a4bf5bb5c6b2,true,22,blog.csv,dvc,14.166285000000002,160.636008,0.0,dvc,79.8916015625,0.7998046875,8.399999999999999,dvc merged upload,13.490822076797485,,76.20008087158203,true,append,,5.648290403491169
17-08-2023 16:33:06.942,cf86d195-935b-49a8-aaa6-a4bf5bb5c6b2,true,22,blog.csv,lfs,57.61149800000003,654.2143170000002,0.0,lfs s3,251.0615234375,154.3759765625,34.20000000000004,lfs s3 merged upload,56.50545692443848,,76.20008087158203,true,append,,1.3485437516854355
17-08-2023 16:33:40.982,cf86d195-935b-49a8-aaa6-a4bf5bb5c6b2,true,22,blog.csv,s3,34.38009,390.73602100000005,0.0,s3,80.3330078125,1.0244140625,20.400000000000006,s3 merged upload,33.98896408081055,,76.20008087158203,true,append,,2.2419065403232747
17-08-2023 16:33:48.598,cf86d195-935b-49a8-aaa6-a4bf5bb5c6b2,true,22,blog.csv,lfs,8.085117999999998,91.895162,0.0,lfs git,79.2607421875,0.6806640625,4.8,lfs git merged upload,7.585206985473633,,76.20008087158203,true,append,,10.04588022680359
17-08-2023 16:34:07.198,cf86d195-935b-49a8-aaa6-a4bf5bb5c6b2,true,22,blog.csv,xethub,19.252896,218.23696999999999,20.0,pyxet,0.0458984375,0.099609375,11.399999999999997,pyxet merged upload,18.546663999557495,,76.20008087158203,true,append,,4.10855994767577
17-08-2023 16:34:14.539,cf86d195-935b-49a8-aaa6-a4bf5bb5c6b2,true,22,blog.csv,lakefs,8.115172999999999,91.84122,0.0,lakefs,157.1044921875,77.34765625,4.8,lakefs merged upload,7.26880407333374,,76.20008087158203,true,append,,10.483166158120682
17-08-2023 16:34:45.977,cf86d195-935b-49a8-aaa6-a4bf5bb5c6b2,true,23,blog.csv,xethub,32.39006200000001,366.77161100000006,0.0,git-xet,0.408203125,0.166015625,19.200000000000003,gitxet merged upload,31.376830101013184,,76.20008087158203,true,append,,2.4285461796576278
17-08-2023 16:35:15.764,cf86d195-935b-49a8-aaa6-a4bf5bb5c6b2,true,23,blog.csv,dvc,30.327201000000006,343.92825999999997,0.0,dvc,79.2978515625,1.0966796875,18.0,dvc merged upload,29.756027221679688,,76.20008087158203,true,append,,2.5608284433905903
17-08-2023 16:36:15.194,cf86d195-935b-49a8-aaa6-a4bf5bb5c6b2,true,23,blog.csv,lfs,60.57709200000001,688.2049550000003,0.0,lfs s3,254.6572265625,154.5517578125,36.00000000000004,lfs s3 merged upload,59.39894700050354,,76.20008087158203,true,append,,1.2828523857659642
17-08-2023 16:36:23.552,cf86d195-935b-49a8-aaa6-a4bf5bb5c6b2,true,23,blog.csv,s3,9.088303000000002,103.435554,0.0,s3,80.02734375,0.8857421875,5.3999999999999995,s3 merged upload,8.319456815719604,,76.20008087158203,true,append,,9.15926154308561
17-08-2023 16:36:37.300,cf86d195-935b-49a8-aaa6-a4bf5bb5c6b2,true,23,blog.csv,lfs,14.127317999999999,160.80740599999996,0.0,lfs git,80.072265625,1.0185546875,8.399999999999999,lfs git merged upload,13.713896036148071,,76.20008087158203,true,append,,5.556413776998775
17-08-2023 16:36:48.176,cf86d195-935b-49a8-aaa6-a4bf5bb5c6b2,true,23,blog.csv,xethub,11.136323,126.42864699999998,9.5,pyxet,0.015625,0.0546875,6.599999999999999,pyxet merged upload,10.821664571762085,,76.20008087158203,true,append,,7.041438067708877
17-08-2023 16:36:55.735,cf86d195-935b-49a8-aaa6-a4bf5bb5c6b2,true,23,blog.csv,lakefs,8.115149,91.78570400000001,0.0,lakefs,156.861328125,77.33203125,4.8,lakefs merged upload,7.484830379486084,,76.20008087158203,true,append,,10.180602232540373
17-08-2023 16:37:26.793,cf86d195-935b-49a8-aaa6-a4bf5bb5c6b2,true,24,blog.csv,xethub,31.397483999999995,355.5020030000001,0.0,git-xet,0.3798828125,0.2177734375,18.6,gitxet merged upload,30.99597692489624,,76.20008087158203,true,append,,2.4583861659277937
17-08-2023 16:37:40.295,cf86d195-935b-49a8-aaa6-a4bf5bb5c6b2,true,24,blog.csv,dvc,14.161166000000003,160.655103,0.0,dvc,79.9287109375,0.859375,8.399999999999999,dvc merged upload,13.470689058303833,,76.20008087158203,true,append,,5.656732223702355
17-08-2023 16:38:09.516,cf86d195-935b-49a8-aaa6-a4bf5bb5c6b2,true,24,blog.csv,lfs,30.336937000000013,344.191283,0.0,lfs s3,86.0625,7.2568359375,18.0,lfs s3 merged upload,29.18912100791931,,76.20008087158203,true,append,,2.610564424016337
17-08-2023 16:38:24.308,cf86d195-935b-49a8-aaa6-a4bf5bb5c6b2,true,24,blog.csv,s3,15.161719999999999,172.485907,0.0,s3,80.9755859375,0.939453125,8.999999999999998,s3 merged upload,14.742326974868774,,76.20008087158203,true,append,,5.168796011747685
17-08-2023 16:38:32.210,cf86d195-935b-49a8-aaa6-a4bf5bb5c6b2,true,24,blog.csv,lfs,8.084823,91.96312500000002,0.0,lfs git,79.986328125,0.701171875,4.8,lfs git merged upload,7.8699729442596436,,76.20008087158203,true,append,,9.682381554711997
17-08-2023 16:38:49.626,cf86d195-935b-49a8-aaa6-a4bf5bb5c6b2,true,24,blog.csv,xethub,18.239862,206.95352599999998,19.900000000000002,pyxet,0.0263671875,0.0693359375,10.799999999999997,pyxet merged upload,17.361467361450195,,76.20008087158203,true,append,,4.38903459512751
17-08-2023 16:39:22.843,cf86d195-935b-49a8-aaa6-a4bf5bb5c6b2,true,24,blog.csv,lakefs,33.47671,378.96327499999995,0.0,lakefs,156.1806640625,77.712890625,19.800000000000004,lakefs merged upload,33.144362926483154,,76.20008087158203,true,append,,2.299035918735258
17-08-2023 16:39:56.498,cf86d195-935b-49a8-aaa6-a4bf5bb5c6b2,true,25,blog.csv,xethub,34.43975199999999,389.76941,0.0,git-xet,0.4736328125,0.1865234375,20.400000000000006,gitxet merged upload,33.59432077407837,,76.20008087158203,true,append,,2.2682429385617637
17-08-2023 16:40:20.936,cf86d195-935b-49a8-aaa6-a4bf5bb5c6b2,true,25,blog.csv,dvc,25.282935000000002,287.25700300000005,0.1,dvc,79.2705078125,0.87109375,14.999999999999995,dvc merged upload,24.40803575515747,,76.20008087158203,true,append,,3.1219259770004553
17-08-2023 16:41:51.984,cf86d195-935b-49a8-aaa6-a4bf5bb5c6b2,true,25,blog.csv,lfs,91.93055599999987,1045.576403,0.0,lfs s3,432.376953125,232.83984375,54.60000000000009,lfs s3 merged upload,91.01681780815125,,76.20008087158203,true,append,,0.8372088005999012
17-08-2023 16:42:01.321,cf86d195-935b-49a8-aaa6-a4bf5bb5c6b2,true,25,blog.csv,s3,10.100757,114.98810099999999,0.0,s3,80.576171875,1.3359375,5.999999999999999,s3 merged upload,9.286674976348877,,76.20008087158203,true,append,,8.205313641927484
17-08-2023 16:42:37.514,cf86d195-935b-49a8-aaa6-a4bf5bb5c6b2,true,25,blog.csv,lfs,36.337793,413.519181,0.0,lfs git,81.392578125,0.826171875,21.60000000000001,lfs git merged upload,36.155779123306274,,76.20008087158203,true,append,,2.107549130989765
17-08-2023 16:42:54.438,cf86d195-935b-49a8-aaa6-a4bf5bb5c6b2,true,25,blog.csv,xethub,17.232162000000002,195.280141,21.599999999999998,pyxet,0.0625,0.0732421875,10.199999999999998,pyxet merged upload,16.871518850326538,,76.20008087158203,true,append,,4.516492056677353
17-08-2023 16:43:20.226,cf86d195-935b-49a8-aaa6-a4bf5bb5c6b2,true,25,blog.csv,lakefs,26.380382999999988,298.4298150000001,0.0,lakefs,156.0224609375,77.6796875,15.599999999999994,lakefs merged upload,25.71444296836853,,76.20008087158203,true,append,,2.963318356353904
17-08-2023 16:43:49.665,cf86d195-935b-49a8-aaa6-a4bf5bb5c6b2,true,26,blog.csv,xethub,30.38063000000001,343.917143,0.0,git-xet,0.408203125,0.14453125,18.0,gitxet merged upload,29.378974199295044,,76.20008087158203,true,append,,2.5936944004467817
17-08-2023 16:48:10.624,cf86d195-935b-49a8-aaa6-a4bf5bb5c6b2,true,26,blog.csv,dvc,262.8921930000008,2983.6939960000004,0.1,dvc,83.8291015625,2.044921875,155.99999999999923,dvc merged upload,260.927937746048,,76.20008087158203,true,append,,0.2920349638670923
17-08-2023 16:48:38.206,cf86d195-935b-49a8-aaa6-a4bf5bb5c6b2,true,26,blog.csv,lfs,28.285736999999983,321.42763,0.0,lfs s3,156.0849609375,77.521484375,16.799999999999997,lfs s3 merged upload,27.54894208908081,,76.20008087158203,true,append,,2.7659893663134305
17-08-2023 16:49:07.157,cf86d195-935b-49a8-aaa6-a4bf5bb5c6b2,true,26,blog.csv,s3,29.314664,333.10343699999993,0.0,s3,80.2802734375,1.1455078125,17.4,s3 merged upload,28.906191110610962,,76.20008087158203,true,append,,2.6361162762675536
17-08-2023 16:49:28.299,cf86d195-935b-49a8-aaa6-a4bf5bb5c6b2,true,26,blog.csv,lfs,22.220701,252.40478700000003,0.0,lfs git,21.5703125,0.767578125,13.199999999999996,lfs git merged upload,21.111262798309326,,76.20008087158203,true,append,,3.6094515803992757
17-08-2023 16:49:49.885,cf86d195-935b-49a8-aaa6-a4bf5bb5c6b2,true,26,blog.csv,xethub,22.292111,252.551791,30.599999999999994,pyxet,0.1171875,0.0830078125,13.199999999999996,pyxet merged upload,21.531500101089478,,76.20008087158203,true,append,,3.539004737887555
17-08-2023 16:50:32.068,cf86d195-935b-49a8-aaa6-a4bf5bb5c6b2,true,26,blog.csv,lakefs,42.58093900000002,481.82307900000006,0.0,lakefs,156.48046875,77.744140625,25.200000000000017,lakefs merged upload,42.11461114883423,,76.20008087158203,true,append,,1.8093502182007282
17-08-2023 16:51:03.005,cf86d195-935b-49a8-aaa6-a4bf5bb5c6b2,true,27,blog.csv,xethub,31.366795999999987,355.28091099999995,0.0,git-xet,0.333984375,0.154296875,18.6,gitxet merged upload,30.87519407272339,,76.20008087158203,true,append,,2.4680033003873745
17-08-2023 16:51:24.146,cf86d195-935b-49a8-aaa6-a4bf5bb5c6b2,true,27,blog.csv,dvc,21.21807399999999,241.18776499999998,0.1,dvc,80.013671875,1.48046875,12.599999999999996,dvc merged upload,21.110645055770874,,76.20008087158203,true,append,,3.6095572006574823
17-08-2023 16:52:52.081,cf86d195-935b-49a8-aaa6-a4bf5bb5c6b2,true,27,blog.csv,lfs,88.88575999999988,1017.17967,0.0,lfs s3,348.779296875,232.5859375,52.80000000000008,lfs s3 merged upload,87.90196394920349,,76.20008087158203,true,append,,0.8668757493929976
17-08-2023 16:53:14.964,cf86d195-935b-49a8-aaa6-a4bf5bb5c6b2,true,27,blog.csv,s3,23.234755,263.88017899999994,0.0,s3,79.943359375,1.404296875,13.799999999999995,s3 merged upload,22.85048484802246,,76.20008087158203,true,append,,3.334724903142551
17-08-2023 16:53:22.648,cf86d195-935b-49a8-aaa6-a4bf5bb5c6b2,true,27,blog.csv,lfs,8.081273999999999,92.00847700000001,0.0,lfs git,79.857421875,0.712890625,4.8,lfs git merged upload,7.649216175079346,,76.20008087158203,true,append,,9.961815580508366
17-08-2023 16:53:36.731,cf86d195-935b-49a8-aaa6-a4bf5bb5c6b2,true,27,blog.csv,xethub,14.236844000000003,161.021931,13.900000000000002,pyxet,0.1630859375,0.0810546875,8.399999999999999,pyxet merged upload,14.047637939453125,,76.20008087158203,true,append,,5.42440524165079
17-08-2023 16:53:56.926,cf86d195-935b-49a8-aaa6-a4bf5bb5c6b2,true,27,blog.csv,lakefs,21.569311999999996,241.91155999999995,0.0,lakefs,156.228515625,77.87109375,12.599999999999996,lakefs merged upload,20.152232885360718,,76.20008087158203,true,append,,3.7812227213261522
17-08-2023 16:54:27.947,cf86d195-935b-49a8-aaa6-a4bf5bb5c6b2,true,28,blog.csv,xethub,31.794039000000005,357.66956799999997,0.0,git-xet,0.51171875,0.2861328125,18.6,gitxet merged upload,30.96356177330017,,76.20008087158203,true,append,,2.4609598026700286
17-08-2023 16:54:51.611,cf86d195-935b-49a8-aaa6-a4bf5bb5c6b2,true,28,blog.csv,dvc,24.576976999999996,277.17409299999997,0.1,dvc,79.458984375,1.125,14.399999999999995,dvc merged upload,23.630059003829956,,76.20008087158203,true,append,,3.224709716519605
17-08-2023 16:55:18.497,cf86d195-935b-49a8-aaa6-a4bf5bb5c6b2,true,28,blog.csv,lfs,27.633340000000004,312.00547400000005,0.0,lfs s3,156.099609375,77.697265625,16.199999999999996,lfs s3 merged upload,26.852217197418213,,76.20008087158203,true,append,,2.837757504766069
17-08-2023 16:56:00.815,cf86d195-935b-49a8-aaa6-a4bf5bb5c6b2,true,28,blog.csv,s3,44.038809999999984,497.22170900000003,0.0,s3,81.3974609375,1.9599609375,25.80000000000002,s3 merged upload,42.273958921432495,,76.20008087158203,true,append,,1.8025300401413153
17-08-2023 16:56:21.905,cf86d195-935b-49a8-aaa6-a4bf5bb5c6b2,true,28,blog.csv,lfs,21.475930000000005,242.94819399999997,0.0,lfs git,79.7099609375,1.2724609375,12.599999999999996,lfs git merged upload,21.057005882263184,,76.20008087158203,true,append,,3.618751939266312
17-08-2023 16:56:34.181,cf86d195-935b-49a8-aaa6-a4bf5bb5c6b2,true,28,blog.csv,xethub,13.334959999999999,150.174421,5.6,pyxet,0.5556640625,0.447265625,7.799999999999998,pyxet merged upload,12.21741795539856,,76.20008087158203,true,append,,6.237003690121872
17-08-2023 16:56:53.288,cf86d195-935b-49a8-aaa6-a4bf5bb5c6b2,true,28,blog.csv,lakefs,19.517691,219.92446600000005,0.0,lakefs,156.6728515625,78.6220703125,11.399999999999997,lakefs merged upload,19.03587579727173,,76.20008087158203,true,append,,4.002972160729438
17-08-2023 16:57:27.765,cf86d195-935b-49a8-aaa6-a4bf5bb5c6b2,true,29,blog.csv,xethub,35.89031299999999,404.1979009999999,0.0,git-xet,1.9130859375,1.6376953125,21.000000000000007,gitxet merged upload,34.419776916503906,,76.20008087158203,true,append,,2.2138458670557197
17-08-2023 16:59:45.747,cf86d195-935b-49a8-aaa6-a4bf5bb5c6b2,true,29,blog.csv,dvc,141.3445459999997,1587.3676519999992,0.0,dvc,82.50390625,3.009765625,82.79999999999993,dvc merged upload,137.94895005226135,,76.20008087158203,true,append,,0.5523788390032253
17-08-2023 17:00:07.571,cf86d195-935b-49a8-aaa6-a4bf5bb5c6b2,true,29,blog.csv,lfs,22.49019100000001,252.88053700000003,0.0,lfs s3,156.068359375,78.505859375,13.199999999999996,lfs s3 merged upload,21.792316913604736,,76.20008087158203,true,append,,3.4966488957404547
17-08-2023 17:00:18.102,cf86d195-935b-49a8-aaa6-a4bf5bb5c6b2,true,29,blog.csv,s3,11.237172999999999,126.83227500000001,0.0,s3,81.271484375,1.15234375,6.599999999999999,s3 merged upload,10.48085904121399,,76.20008087158203,true,append,,7.270404131182346
17-08-2023 17:00:39.197,cf86d195-935b-49a8-aaa6-a4bf5bb5c6b2,true,29,blog.csv,lfs,21.451007999999998,242.46147299999998,0.0,lfs git,79.3837890625,0.7939453125,12.599999999999996,lfs git merged upload,21.060954809188843,,76.20008087158203,true,append,,3.61807342363871
17-08-2023 17:01:05.891,cf86d195-935b-49a8-aaa6-a4bf5bb5c6b2,true,29,blog.csv,xethub,27.68797499999999,312.03032299999995,39.79999999999999,pyxet,0.05859375,0.09375,16.199999999999996,pyxet merged upload,26.64066791534424,,76.20008087158203,true,append,,2.8602916831410607
17-08-2023 17:01:11.821,cf86d195-935b-49a8-aaa6-a4bf5bb5c6b2,true,29,blog.csv,lakefs,6.149376,69.240112,0.0,lakefs,156.54296875,77.2939453125,3.6,lakefs merged upload,5.866244792938232,,76.20008087158203,true,append,,12.989584233394327
17-08-2023 17:01:42.556,cf86d195-935b-49a8-aaa6-a4bf5bb5c6b2,true,30,blog.csv,xethub,31.720600999999984,357.292464,0.0,git-xet,0.421875,0.271484375,18.6,gitxet merged upload,30.68583583831787,,76.20008087158203,true,append,,2.4832330223324024
17-08-2023 17:02:06.035,cf86d195-935b-49a8-aaa6-a4bf5bb5c6b2,true,30,blog.csv,dvc,24.534982000000007,277.191615,0.0,dvc,80.15625,26.587890625,14.399999999999995,dvc merged upload,23.447086095809937,,76.20008087158203,true,append,,3.249874230009298
17-08-2023 17:03:01.127,cf86d195-935b-49a8-aaa6-a4bf5bb5c6b2,true,30,blog.csv,lfs,56.142436000000025,635.2625859999999,0.0,lfs s3,311.9375,154.9521484375,33.000000000000036,lfs s3 merged upload,55.059370040893555,,76.20008087158203,true,append,,1.3839620906484564
17-08-2023 17:03:27.859,cf86d195-935b-49a8-aaa6-a4bf5bb5c6b2,true,30,blog.csv,s3,27.54302100000001,311.21738400000004,0.0,s3,79.8447265625,1.42578125,16.199999999999996,s3 merged upload,26.69553780555725,,76.20008087158203,true,append,,2.854412652279264
17-08-2023 17:05:04.121,cf86d195-935b-49a8-aaa6-a4bf5bb5c6b2,true,30,blog.csv,lfs,97.8778559999998,1102.2833530000003,0.0,lfs git,80.6865234375,5.8525390625,57.600000000000094,lfs git merged upload,96.23041296005249,,76.20008087158203,true,append,,0.7918502948045592
17-08-2023 17:05:24.285,cf86d195-935b-49a8-aaa6-a4bf5bb5c6b2,true,30,blog.csv,xethub,21.539204000000005,240.60810700000002,27.799999999999994,pyxet,0.177734375,0.5361328125,12.599999999999996,pyxet merged upload,20.124516248703003,,76.20008087158203,true,append,,3.7864304378741536
17-08-2023 17:05:45.174,cf86d195-935b-49a8-aaa6-a4bf5bb5c6b2,true,30,blog.csv,lakefs,21.61848399999999,242.74087499999996,0.0,lakefs,156.4775390625,96.6357421875,12.599999999999996,lakefs merged upload,20.83418607711792,,76.20008087158203,true,append,,3.6574541760127692
17-08-2023 17:06:18.370,cf86d195-935b-49a8-aaa6-a4bf5bb5c6b2,true,31,blog.csv,xethub,34.934108,391.36261300000007,0.0,git-xet,0.34375,0.806640625,20.400000000000006,gitxet merged upload,33.14611601829529,,76.20008087158203,true,append,,2.2989143231599964
17-08-2023 17:06:42.834,cf86d195-935b-49a8-aaa6-a4bf5bb5c6b2,true,31,blog.csv,dvc,23.525663999999995,288.21599499999996,0.0,dvc,79.92578125,10.8388671875,14.999999999999995,dvc merged upload,24.430827140808105,,76.20008087158203,true,append,,3.1190135492506923
17-08-2023 17:07:09.103,cf86d195-935b-49a8-aaa6-a4bf5bb5c6b2,true,31,blog.csv,lfs,22.718491999999998,310.426087,0.0,lfs s3,165.0224609375,86.724609375,16.199999999999996,lfs s3 merged upload,26.23281693458557,,76.20008087158203,true,append,,2.9047616602363124
17-08-2023 17:07:23.020,cf86d195-935b-49a8-aaa6-a4bf5bb5c6b2,true,31,blog.csv,s3,11.786997000000001,161.39795299999997,0.0,s3,79.9921875,1.0244140625,8.399999999999999,s3 merged upload,13.8821439743042,,76.20008087158203,true,append,,5.489071501680729
17-08-2023 17:07:44.093,cf86d195-935b-49a8-aaa6-a4bf5bb5c6b2,true,31,blog.csv,lfs,17.672909999999995,241.92520899999994,0.0,lfs git,79.5302734375,0.9609375,12.599999999999996,lfs git merged upload,21.038652896881104,,76.20008087158203,true,append,,3.621908743162847
17-08-2023 17:07:59.900,cf86d195-935b-49a8-aaa6-a4bf5bb5c6b2,true,31,blog.csv,xethub,13.50794,183.999192,14.9,pyxet,0.0810546875,0.6064453125,9.599999999999998,pyxet merged upload,15.772403001785278,,76.20008087158203,true,append,,4.831228371666445
17-08-2023 17:08:15.294,cf86d195-935b-49a8-aaa6-a4bf5bb5c6b2,true,31,blog.csv,lakefs,13.509031,183.608897,0.0,lakefs,156.2373046875,78.435546875,9.599999999999998,lakefs merged upload,15.358559846878052,,76.20008087158203,true,append,,4.961407946531607
17-08-2023 17:08:51.489,cf86d195-935b-49a8-aaa6-a4bf5bb5c6b2,true,32,blog.csv,dvc,20.213034,275.572658,0.0,dvc,79.4111328125,4.3154296875,14.399999999999995,dvc merged upload,23.58425283432007,,76.20008087158203,true,append,,3.230972861717918
17-08-2023 17:09:20.205,cf86d195-935b-49a8-aaa6-a4bf5bb5c6b2,true,32,blog.csv,lfs,24.393519000000012,333.728105,0.0,lfs s3,156.119140625,81.603515625,17.4,lfs s3 merged upload,28.683954000473022,,76.20008087158203,true,append,,2.6565403385574187
17-08-2023 17:09:39.062,cf86d195-935b-49a8-aaa6-a4bf5bb5c6b2,true,32,blog.csv,s3,15.975679000000007,218.684864,0.0,s3,80.537109375,1.509765625,11.399999999999997,s3 merged upload,18.82494807243347,,76.20008087158203,true,append,,4.047824226573378
17-08-2023 17:10:00.883,cf86d195-935b-49a8-aaa6-a4bf5bb5c6b2,true,32,blog.csv,lfs,18.484279000000004,253.336496,0.0,lfs git,79.3115234375,1.4677734375,13.199999999999996,lfs git merged upload,21.785980939865112,,76.20008087158203,true,append,,3.4976658192217176
17-08-2023 17:10:32.749,cf86d195-935b-49a8-aaa6-a4bf5bb5c6b2,true,32,blog.csv,xethub,27.064646999999994,368.64649199999997,58.39999999999998,pyxet,0.21875,0.1904296875,19.200000000000003,pyxet merged upload,31.827080249786377,,76.20008087158203,true,append,,2.394190113373453
17-08-2023 17:10:53.121,cf86d195-935b-49a8-aaa6-a4bf5bb5c6b2,true,32,blog.csv,lakefs,17.760316000000003,241.669953,0.0,lakefs,156.0966796875,77.8095703125,12.599999999999996,lakefs merged upload,20.29663109779358,,76.20008087158203,true,append,,3.754321616451197
